{
  "both": {
    "condition": "both",
    "n_pairs": 100,
    "score_stats": {
      "1": {
        "ctrl_mean": 0.18077041472875963,
        "cond_mean": 0.18972040113394595,
        "diff": 0.008949986405186324,
        "p_value": 0.6867570369155835
      },
      "2": {
        "ctrl_mean": 0.16950696740223897,
        "cond_mean": 0.16789286243988433,
        "diff": -0.0016141049623546665,
        "p_value": 0.9586241138889016
      },
      "3": {
        "ctrl_mean": 0.21052064816629895,
        "cond_mean": 0.20995099176128973,
        "diff": -0.0005696564050092154,
        "p_value": 0.9865132565347746
      },
      "4": {
        "ctrl_mean": 0.20585402232576705,
        "cond_mean": 0.25061701028645555,
        "diff": 0.044762987960688505,
        "p_value": 0.1503355115908414
      },
      "5": {
        "ctrl_mean": 0.23334794737693543,
        "cond_mean": 0.18181873437842447,
        "diff": -0.051529212998510945,
        "p_value": 0.022072633507808078
      }
    },
    "expected_score": {
      "control_mean": 3.1415021202198803,
      "condition_mean": 3.0669208143355284,
      "diff": -0.07458130588435133,
      "t_stat": -1.559579580548601,
      "p_value": 0.1220504038812727,
      "cohens_d": -0.1559579580548601
    },
    "entropy": {
      "control_mean": 0.02104152815705315,
      "condition_mean": 0.03132297549031148,
      "diff": 0.010281447333258344,
      "t_stat": 0.6426341776767052,
      "p_value": 0.5219470235820314
    },
    "kl_divergence": {
      "mean": 2.5070985231845326,
      "median": 1.0325074129013899e-14,
      "std": 5.693261716278303
    }
  },
  "demographic_only": {
    "condition": "demographic_only",
    "n_pairs": 100,
    "score_stats": {
      "1": {
        "ctrl_mean": 0.18077041472875963,
        "cond_mean": 0.18566672257509304,
        "diff": 0.0048963078463334295,
        "p_value": 0.8135948814926173
      },
      "2": {
        "ctrl_mean": 0.16950696740223897,
        "cond_mean": 0.15071467975937355,
        "diff": -0.018792287642865415,
        "p_value": 0.5985831859662432
      },
      "3": {
        "ctrl_mean": 0.21052064816629895,
        "cond_mean": 0.21382116994447045,
        "diff": 0.0033005217781715414,
        "p_value": 0.9224689400265669
      },
      "4": {
        "ctrl_mean": 0.20585402232576705,
        "cond_mean": 0.2077385899627595,
        "diff": 0.001884567636992426,
        "p_value": 0.9468666633761693
      },
      "5": {
        "ctrl_mean": 0.23334794737693543,
        "cond_mean": 0.2420588377583034,
        "diff": 0.008710890381368009,
        "p_value": 0.6962618355818766
      }
    },
    "expected_score": {
      "control_mean": 3.1415021202198803,
      "condition_mean": 3.1698081405698066,
      "diff": 0.02830602034992699,
      "t_stat": 0.548898474890035,
      "p_value": 0.5843109869498726,
      "cohens_d": 0.05488984748900349
    },
    "entropy": {
      "control_mean": 0.02104152815705315,
      "condition_mean": 0.04418095288961694,
      "diff": 0.023139424732563786,
      "t_stat": 1.1352869502742362,
      "p_value": 0.2589962044593672
    },
    "kl_divergence": {
      "mean": 2.786882991812374,
      "median": 1.4432899320126865e-14,
      "std": 5.867337946239203
    }
  },
  "disclosure_end": {
    "condition": "disclosure_end",
    "n_pairs": 100,
    "score_stats": {
      "1": {
        "ctrl_mean": 0.18077041472875963,
        "cond_mean": 0.20162834557016768,
        "diff": 0.020857930841408107,
        "p_value": 0.1356885299644834
      },
      "2": {
        "ctrl_mean": 0.16950696740223897,
        "cond_mean": 0.13913356326135237,
        "diff": -0.030373404140886615,
        "p_value": 0.33994847866620415
      },
      "3": {
        "ctrl_mean": 0.21052064816629895,
        "cond_mean": 0.228020970069869,
        "diff": 0.017500321903570044,
        "p_value": 0.6311149654640527
      },
      "4": {
        "ctrl_mean": 0.20585402232576705,
        "cond_mean": 0.22909531287116625,
        "diff": 0.023241290545399203,
        "p_value": 0.4587392431360515
      },
      "5": {
        "ctrl_mean": 0.23334794737693543,
        "cond_mean": 0.2021218082274447,
        "diff": -0.03122613914949075,
        "p_value": 0.1505974598359813
      }
    },
    "expected_score": {
      "control_mean": 3.1415021202198803,
      "condition_mean": 3.090948674924368,
      "diff": -0.050553445295511895,
      "t_stat": -1.1393905445946562,
      "p_value": 0.2572896517117971,
      "cohens_d": -0.11393905445946562
    },
    "entropy": {
      "control_mean": 0.02104152815705315,
      "condition_mean": 0.04163607740826047,
      "diff": 0.020594549251207316,
      "t_stat": 1.1575903730360202,
      "p_value": 0.24981645946780012
    },
    "kl_divergence": {
      "mean": 2.9357494483910807,
      "median": 0.0,
      "std": 6.328310328440945
    }
  },
  "disclosure_middle": {
    "condition": "disclosure_middle",
    "n_pairs": 100,
    "score_stats": {
      "1": {
        "ctrl_mean": 0.18077041472875963,
        "cond_mean": 0.20999915511559805,
        "diff": 0.02922874038683843,
        "p_value": 0.0880604251958247
      },
      "2": {
        "ctrl_mean": 0.16950696740223897,
        "cond_mean": 0.17141644321407018,
        "diff": 0.0019094758118312289,
        "p_value": 0.956179077200678
      },
      "3": {
        "ctrl_mean": 0.21052064816629895,
        "cond_mean": 0.1785874127682915,
        "diff": -0.03193323539800744,
        "p_value": 0.4092417811685354
      },
      "4": {
        "ctrl_mean": 0.20585402232576705,
        "cond_mean": 0.2572950105393098,
        "diff": 0.05144098821354279,
        "p_value": 0.15164843575457257
      },
      "5": {
        "ctrl_mean": 0.23334794737693543,
        "cond_mean": 0.18270197836273042,
        "diff": -0.050645969014205025,
        "p_value": 0.04775885482766657
      }
    },
    "expected_score": {
      "control_mean": 3.1415021202198803,
      "condition_mean": 3.031284213819504,
      "diff": -0.11021790640037535,
      "t_stat": -2.0392031983922956,
      "p_value": 0.04409453826082576,
      "cohens_d": -0.20392031983922956
    },
    "entropy": {
      "control_mean": 0.02104152815705315,
      "condition_mean": 0.03142456287123912,
      "diff": 0.010383034714185975,
      "t_stat": 0.593498119822516,
      "p_value": 0.5542014120937985
    },
    "kl_divergence": {
      "mean": 3.870476295589063,
      "median": 1.4452883334553966e-12,
      "std": 6.952165237901399
    }
  },
  "disclosure_only": {
    "condition": "disclosure_only",
    "n_pairs": 100,
    "score_stats": {
      "1": {
        "ctrl_mean": 0.18077041472875963,
        "cond_mean": 0.1905671360478112,
        "diff": 0.009796721319051616,
        "p_value": 0.5704291779761184
      },
      "2": {
        "ctrl_mean": 0.16950696740223897,
        "cond_mean": 0.18015331018285582,
        "diff": 0.010646342780616854,
        "p_value": 0.6867322014547033
      },
      "3": {
        "ctrl_mean": 0.21052064816629895,
        "cond_mean": 0.22404525443622184,
        "diff": 0.013524606269922863,
        "p_value": 0.686177036249312
      },
      "4": {
        "ctrl_mean": 0.20585402232576705,
        "cond_mean": 0.23371786380270973,
        "diff": 0.027863841476942704,
        "p_value": 0.40104894389737766
      },
      "5": {
        "ctrl_mean": 0.23334794737693543,
        "cond_mean": 0.17151643553040138,
        "diff": -0.06183151184653406,
        "p_value": 0.009739899504598758
      }
    },
    "expected_score": {
      "control_mean": 3.1415021202198803,
      "condition_mean": 3.0154631525850344,
      "diff": -0.12603896763484548,
      "t_stat": -2.7841126398874874,
      "p_value": 0.00643080303788947,
      "cohens_d": -0.2784112639887487
    },
    "entropy": {
      "control_mean": 0.02104152815705315,
      "condition_mean": 0.03957865596240233,
      "diff": 0.018537127805349184,
      "t_stat": 1.022366574896848,